BEGIN_YEARMONTH,BEGIN_DAY,BEGIN_TIME,END_YEARMONTH,END_DAY,END_TIME,EPISODE_ID,EVENT_ID,STATE,STATE_FIPS,YEAR,MONTH_NAME,EVENT_TYPE,CZ_TYPE,CZ_FIPS,CZ_NAME,WFO,BEGIN_DATE_TIME,CZ_TIMEZONE,END_DATE_TIME,INJURIES_DIRECT,INJURIES_INDIRECT,DEATHS_DIRECT,DEATHS_INDIRECT,DAMAGE_PROPERTY,DAMAGE_CROPS,SOURCE,MAGNITUDE,MAGNITUDE_TYPE,FLOOD_CAUSE,CATEGORY,TOR_F_SCALE,TOR_LENGTH,TOR_WIDTH,TOR_OTHER_WFO,TOR_OTHER_CZ_STATE,TOR_OTHER_CZ_FIPS,TOR_OTHER_CZ_NAME,BEGIN_RANGE,BEGIN_AZIMUTH,BEGIN_LOCATION,END_RANGE,END_AZIMUTH,END_LOCATION,BEGIN_LAT,BEGIN_LON,END_LAT,END_LON,EPISODE_NARRATIVE,EVENT_NARRATIVE,DATA_SOURCE
202601,6,830,202601,7,1100,210545,1314733,WASHINGTON,53,2026,January,Heavy Snow,Z,47,CENTRAL CHELAN COUNTY,OTX,06-JAN-26 08:30:00,PST-8,07-JAN-26 11:00:00,0,0,0,0,0.00K,0.00K,COOP Observer,,,,,,,,,,,,,,,,,,,,,,A cold front pushed a band of heavy snow over Eastern Washington from the east slopes of the Cascades to far Eastern Washington and stalled over the Spokane area. It brought heavy snow amounts to Eastern Washington ranging from 4 to 11 inches. It caused a 3 hour traffic delay along I-90 at the Four Lakes area with two semis jackknifed.,Observer reported 8.4 inches of snow 2 miles North of Plain.,CSV
202601,6,830,202601,7,1000,210545,1314736,WASHINGTON,53,2026,January,Heavy Snow,Z,47,CENTRAL CHELAN COUNTY,OTX,06-JAN-26 08:30:00,PST-8,07-JAN-26 10:00:00,0,0,0,0,0.00K,0.00K,COOP Observer,,,,,,,,,,,,,,,,,,,,,,A cold front pushed a band of heavy snow over Eastern Washington from the east slopes of the Cascades to far Eastern Washington and stalled over the Spokane area. It brought heavy snow amounts to Eastern Washington ranging from 4 to 11 inches. It caused a 3 hour traffic delay along I-90 at the Four Lakes area with two semis jackknifed.,Observer reported 8.2 inches of snow 9 miles West of Lucerne. Another report of 5.5 inches reported 12 miles Northwest of Lucerne. Stevens Pass recorded 36 inches of snow for January 6 through January 9.,CSV
202601,6,1255,202601,6,2355,210545,1314737,WASHINGTON,53,2026,January,Winter Weather,Z,49,WESTERN OKANOGAN COUNTY,OTX,06-JAN-26 12:55:00,PST-8,06-JAN-26 23:55:00,0,0,0,0,0.00K,0.00K,CoCoRaHS,,,,,,,,,,,,,,,,,,,,,,A cold front pushed a band of heavy snow over Eastern Washington from the east slopes of the Cascades to far Eastern Washington and stalled over the Spokane area. It brought heavy snow amounts to Eastern Washington ranging from 4 to 11 inches. It caused a 3 hour traffic delay along I-90 at the Four Lakes area with two semis jackknifed.,Observer recorded 4.8 inches of snow 9 miles West of Twisp. Time is estimated on the precip reports from Methow Airport weather station.,CSV
202601,7,1830,202601,8,100,210545,1314759,WASHINGTON,53,2026,January,Heavy Snow,Z,36,SPOKANE AREA,OTX,07-JAN-26 18:30:00,PST-8,08-JAN-26 01:00:00,0,0,0,0,0.00K,0.00K,Public,,,,,,,,,,,,,,,,,,,,,,A cold front pushed a band of heavy snow over Eastern Washington from the east slopes of the Cascades to far Eastern Washington and stalled over the Spokane area. It brought heavy snow amounts to Eastern Washington ranging from 4 to 11 inches. It caused a 3 hour traffic delay along I-90 at the Four Lakes area with two semis jackknifed.,Observer reported 11 inches 3 miles Northwest of Trentwood. The Spokane area had a range of 4 to 11 inches for the event. Airway Heights had 5.5 to 8 inches. South Spokane had 4 to 8 inches. North Spokane had 4 to 8 inches. Spokane Valley and Otis Orchards areas had 4 to 8 inches.,CSV
202601,7,2030,202601,7,2335,210545,1314760,WASHINGTON,53,2026,January,Winter Weather,Z,36,SPOKANE AREA,OTX,07-JAN-26 20:30:00,PST-8,07-JAN-26 23:35:00,0,0,0,0,0.00K,0.00K,Department of Highways,,,,,,,,,,,,,,,,,,,,,,A cold front pushed a band of heavy snow over Eastern Washington from the east slopes of the Cascades to far Eastern Washington and stalled over the Spokane area. It brought heavy snow amounts to Eastern Washington ranging from 4 to 11 inches. It caused a 3 hour traffic delay along I-90 at the Four Lakes area with two semis jackknifed.,Heavy snow with visibility down to a half mile led to a collision involving two semi-trucks on I-90 at MP 270. This resulted in a full closure of the westbound lanes of I-90 from 8:32 PM PST to 11:35 PM PST.,CSV
202601,7,1810,202601,7,2320,210545,1314735,WASHINGTON,53,2026,January,Heavy Snow,Z,47,CENTRAL CHELAN COUNTY,OTX,07-JAN-26 18:10:00,PST-8,07-JAN-26 23:20:00,0,0,0,0,0.00K,0.00K,Public,,,,,,,,,,,,,,,,,,,,,,A cold front pushed a band of heavy snow over Eastern Washington from the east slopes of the Cascades to far Eastern Washington and stalled over the Spokane area. It brought heavy snow amounts to Eastern Washington ranging from 4 to 11 inches. It caused a 3 hour traffic delay along I-90 at the Four Lakes area with two semis jackknifed.,Observer estimated 10.7 inches of snow 1 mile North of Newman Lake. Other reports in the area ranged from 4 to 5.5 inches of snow for Deer Park and Usk (WAZ037).,CSV
202603,11,1500,202603,13,2200,212356,1328083,WASHINGTON,53,2026,March,Heavy Snow,Z,523,LOWER SLOPES OF THE EST WASHINGTON CASCADE CREST,PDT,11-MAR-26 15:00:00,PST-8,13-MAR-26 22:00:00,0,0,0,0,0.00K,0.00K,CoCoRaHS,,,,,,,,,,,,,,,,,,,,,,A series of frontal passages coupled with a long duration atmospheric river brought heavy snow accumulations across portions of the mountainous terrain in southeastern Washington.,A Cocorahs observer 9 miles east of Cle Elum reported 10 inches of new snow at 0700 PDT on March 13th. A member of the public in Cle Elum reported 12 inches of new snow at 1125 PDT on March 13th.,CSV
202603,10,1600,202603,14,1000,212356,1328082,WASHINGTON,53,2026,March,Heavy Snow,Z,522,UPPER SLOPES OF THE EST WASHINGTON CASCADE CREST,PDT,10-MAR-26 16:00:00,PST-8,14-MAR-26 10:00:00,0,0,0,0,0.00K,0.00K,Public,,,,,,,,,,,,,,,,,,,,,,A series of frontal passages coupled with a long duration atmospheric river brought heavy snow accumulations across portions of the mountainous terrain in southeastern Washington.,A member of the public 7 miles north northwest of Easton reported 12 inches of new snow at 1220 PDT on March 11th. A Co-Op Observer 17 miles northwest of Roslyn reported 16.2 inches of storm total snowfall at 1653 PDT on March 11th. A trained spotter 30 miles west of Tieton reported 14 inches of new snow in a 24 hour period ending at 1343 PDT on March 11th. The Washington Department of Transportation closed Interstate 90 the night of March 13th through the morning of the 14th due numerous vehicle spinouts in heavy snow accumulations.,CSV
202602,16,900,202602,16,1800,211388,1321116,WASHINGTON,53,2026,February,Heavy Snow,Z,38,OKANOGAN HIGHLANDS,OTX,16-FEB-26 09:00:00,PST-8,16-FEB-26 18:00:00,0,0,0,0,0.00K,0.00K,Trained Spotter,,,,,,,,,,,,,,,,,,,,,,"The Inland Northwest region was impacted by two winter storm systems during February 16 through 19. A cold front brought lower snow levels to the valley floors. This storm was followed by a warm and moist weather system from California. While most locations had 1 to 3 inches, a few locations received 4 to 6 inches.",Observer reported 5.5 inches of snow 4 miles west of Boyds.,CSV
202602,17,2225,202602,18,600,211388,1321117,WASHINGTON,53,2026,February,Heavy Snow,Z,33,WASHINGTON PALOUSE,OTX,17-FEB-26 22:25:00,PST-8,18-FEB-26 06:00:00,0,0,0,0,0.00K,0.00K,COOP Observer,,,,,,,,,,,,,,,,,,,,,,"The Inland Northwest region was impacted by two winter storm systems during February 16 through 19. A cold front brought lower snow levels to the valley floors. This storm was followed by a warm and moist weather system from California. While most locations had 1 to 3 inches, a few locations received 4 to 6 inches.",Observer reported 5.5 inches 2 miles northwest of Pullman.,CSV
202602,19,1530,202602,19,1800,211388,1321119,WASHINGTON,53,2026,February,Heavy Snow,Z,37,NORTHEAST MOUNTAINS,OTX,19-FEB-26 15:30:00,PST-8,19-FEB-26 18:00:00,0,0,0,0,0.00K,0.00K,Public,,,,,,,,,,,,,,,,,,,,,,"The Inland Northwest region was impacted by two winter storm systems during February 16 through 19. A cold front brought lower snow levels to the valley floors. This storm was followed by a warm and moist weather system from California. While most locations had 1 to 3 inches, a few locations received 4 to 6 inches.",Observer reported 6 inches of snow 3 miles northwest of Valley.,CSV
202603,11,800,202603,13,1132,212356,1328084,WASHINGTON,53,2026,March,Heavy Snow,Z,30,NORTHWEST BLUE MOUNTAINS,PDT,11-MAR-26 08:00:00,PST-8,13-MAR-26 11:32:00,0,0,0,0,0.00K,0.00K,Public,,,,,,,,,,,,,,,,,,,,,,A series of frontal passages coupled with a long duration atmospheric river brought heavy snow accumulations across portions of the mountainous terrain in southeastern Washington.,The Ski Bluewood ski resort 17 miles south southeast of Dayton reported 18 inches of new snow in a 24 hour period ending at 1632 PDT on March 12th.,CSV
202603,11,1600,202603,12,1000,212396,1328483,WASHINGTON,53,2026,March,High Wind,Z,28,LOWER COLUMBIA BASIN,PDT,11-MAR-26 16:00:00,PST-8,12-MAR-26 10:00:00,0,0,0,0,0.00K,0.00K,RAWS,61.00,MG,,,,,,,,,,,,,,,,,,,,A cold front passage and strong winds aloft mixing down to the surface the evening of the 11th through the morning of the 12th produced breezy to gusty conditions across portions of the Columbia Basin.,The Juniper Dunes RAWS recorded a 70 mph gust at 0249 PDT on March 12th. The mesonet station PC048 located 14 miles southeast of Burbank recorded a 62 mph gust at 0330 PDT on March 12th. The mesonet station AV456 located 4 miles south southwest of Benton City recorded a 61 mph gust at 0210 PDT on March 12th.,CSV
202601,6,700,202601,8,200,210226,1311160,WASHINGTON,53,2026,January,Heavy Snow,Z,211,SOUTH WASHINGTON CASCADES,PQR,06-JAN-26 07:00:00,PST-8,08-JAN-26 02:00:00,0,0,0,0,0.00K,0.00K,SNOTEL,,,,,,,,,,,,,,,,,,,,,,Two strong back to back frontal passages followed by a period of post-frontal showers led to heavy snowfall across the Washington Cascades.,The Lone Pine SNOTEL at 3940ft recorded 29 inches of snow 0500 1/06 to 0700 1/08 with 12 inches reached 0000 1/07 and the Swift Creek SNOTEL at 4440ft recorded 33 inches of snow from 0700 1/06 to 0200 1/08 with 12 inches reached 2300 1/06.,CSV
202601,6,400,202601,8,1600,210559,1314552,WASHINGTON,53,2026,January,Heavy Snow,Z,30,NORTHWEST BLUE MOUNTAINS,PDT,06-JAN-26 04:00:00,PST-8,08-JAN-26 16:00:00,0,0,0,0,0.00K,0.00K,SNOTEL,,,,,,,,,,,,,,,,,,,,,,A series of upper low pressure systems and a surface cold front passage resulted in a several day period of heavy snow accumulations across the Cascades and northern Blue mountains.,The Touchet SNOTEL measured 15 inches of storm total snow ending at 1900 PST on the 7th.,CSV
202601,6,400,202601,8,1600,210559,1314553,WASHINGTON,53,2026,January,Heavy Snow,Z,522,UPPER SLOPES OF THE EST WASHINGTON CASCADE CREST,PDT,06-JAN-26 04:00:00,PST-8,08-JAN-26 16:00:00,0,0,0,0,0.00K,0.00K,SNOTEL,,,,,,,,,,,,,,,,,,,,,,A series of upper low pressure systems and a surface cold front passage resulted in a several day period of heavy snow accumulations across the Cascades and northern Blue mountains.,The Bumping Ridge SNOTEL measured 19 inches of new snow in a 14 hour period ending at 2100 PST on the 6th. The Sasse Ridge SNOTEL measured 17 inches of new snow in a 13 hour period ending at 2200 PST on the 6th.,CSV
202601,6,400,202601,8,1600,210559,1314554,WASHINGTON,53,2026,January,Heavy Snow,Z,523,LOWER SLOPES OF THE EST WASHINGTON CASCADE CREST,PDT,06-JAN-26 04:00:00,PST-8,08-JAN-26 16:00:00,0,0,0,0,0.00K,0.00K,Trained Spotter,,,,,,,,,,,,,,,,,,,,,,A series of upper low pressure systems and a surface cold front passage resulted in a several day period of heavy snow accumulations across the Cascades and northern Blue mountains.,A trained spotter 3 miles NW of Cle Elum measured 15 inches of storm total snow at 2000 PST on the 6th. A Cocorahs volunteer 9 miles east of Cle Elum reported 8.5 inches of new snow in a 24 hour period ending at 0700 PST on the 7th.,CSV
202601,9,1500,202601,9,1600,210560,1314555,WASHINGTON,53,2026,January,Avalanche,Z,522,UPPER SLOPES OF THE EST WASHINGTON CASCADE CREST,PDT,09-JAN-26 15:00:00,PST-8,09-JAN-26 16:00:00,1,0,2,0,0.00K,0.00K,Park/Forest Service,,,,,,,,,,,,,,,,,,,,,,A human triggered avalanche occurred on December 9th in the area of Long Pass in Kittitas county. The avalanche was preceded by a multi day heavy snow event that saw 1 to 2 feet of snow fall in the region.,"The Northwest Avalanche Center reported an avalanche occurred in Longs Pass when 4 backcountry skiers attempted to descend a south facing slope. Two of four skiers passed away from either injuries sustained from the avalanche or from being buried by avalanche debris. In their report, the Avalanche center suggested that the avalanche failed on a melt-freeze crust from a rain even that occurred earlier in the month.",CSV
202606,6,2100,202606,6,2130,216446,1360828,WASHINGTON,53,2026,June,Thunderstorm Wind,C,11,CLARK,PQR,06-JUN-26 21:00:00,PST-8,06-JUN-26 21:30:00,0,0,0,0,4.00K,0.00K,Public,81.00,EG,,,,,,,,,,1.14,NNE,MEADOW GLADE,1.14,NNE,MEADOW GLADE,45.7643,-122.558,45.7643,-122.558,An upper-level trough moving through the region combined with cooling temperatures aloft and daytime heating to facilitate shower and thunderstorm activity. A shower was strong enough to produce a cold-air funnel along the coast in addition to a short lived thunderstorm producing strong outflow winds in southwest Washington.,"An unusually intense storm was able to generate a strong downdraft despite limited environmental support, which resulted in a narrow damage swath in Meadow Glade, WA in Clark County. NWS Portland conducted a damage survey in the affected area on Sunday, June 7. NWS storm surveyors found a small area at the  west end of the storm track which experienced heavier damage,  including a metal roof peeled back from an outbuilding and  multiple hardwood trees with trunks snapped multiple feet above  ground level. These damage indicators suggest a maximum wind speed  of just over 90 mph. As the storm moved east, associated wind  speeds weakened, producing minor damage including small downed or  broken tree limbs, lifted roof shingles, and damaged fences,  corresponding to wind speeds of 50-65 mph.",CSV
202606,27,1645,202606,27,1650,216456,1360873,WASHINGTON,53,2026,June,Funnel Cloud,C,11,CLARK,PQR,27-JUN-26 16:45:00,PST-8,27-JUN-26 16:50:00,0,0,0,0,0.00K,0.00K,Public,,,,,,,,,,,,1.37,E,MEADOW GLADE,1.37,SSW,SCOTTON CORNER,45.7515,-122.5417,45.7515,-122.54,A closed upper-level low pressure system moved overhead leading to increased afternoon instability and showers/thunderstorms. These showers had the potential to produce a cold air funnel cloud.,A member of the public caught video footage of a funnel cloud between Brush Prairie and Battle Ground.,CSV
202603,14,30,202603,14,1000,212211,1328235,WASHINGTON,53,2026,March,Flood,C,75,WHITMAN,OTX,14-MAR-26 00:30:00,PST-8,14-MAR-26 10:00:00,0,0,0,0,30.00K,0.00K,Local Official,,,Heavy Rain / Snow Melt,,,,,,,,,.47,E,PULLMAN,.66,NNE,PULLMAN,46.73,-117.17,46.7387,-117.174,Precip amounts of 2 to 2.5 inches fell in the Palouse area from March 13 through the 14. It led to flooding in the City of Pullman.,"South Fork Palouse River flooding, with minor to moderate flooding in areas across Pullman, including downtown, Grand Avenue, and the area around the City Playfields. Water covered N Grand north of NW Windus St. NE Morton St by Reaney pool was flooded across all lanes. Grand Avenue closed from Nye to Ritchie. Main Street from Spring to Pine was closed. Morton Street near Reaney Park closed due to flooding.",CSV
202603,14,1712,202603,14,1912,212211,1328236,WASHINGTON,53,2026,March,Flood,C,75,WHITMAN,OTX,14-MAR-26 17:12:00,PST-8,14-MAR-26 19:12:00,0,0,0,0,5.00K,0.00K,Department of Highways,,,Heavy Rain / Snow Melt,,,,,,,,,5.6,WSW,ARMSTRONG,5.59,SW,ALBION,46.74,-117.33,46.7407,-117.3303,Precip amounts of 2 to 2.5 inches fell in the Palouse area from March 13 through the 14. It led to flooding in the City of Pullman.,SR 194 about 5 miles west of Pullman has been reduced to a single lane due to a washout caused by a failed culvert.,CSV
202603,11,2337,202603,13,2337,211933,1328469,WASHINGTON,53,2026,March,Heavy Snow,Z,47,CENTRAL CHELAN COUNTY,OTX,11-MAR-26 23:37:00,PST-8,13-MAR-26 23:37:00,0,0,0,0,0.00K,0.00K,Trained Spotter,,,,,,,,,,,,,,,,,,,,,,"A strong upper level jet was positioned over the Pacific Northwest from March 8 through 13. As it mixed down to the lower levels, it brought periods of high winds sustained in the 30 to 40 mph range and gusts up to 70 mph for portions of the region. It was followed by a cold front that brought snow amounts ranging from 2 to 8 inches for the lowlands and 8 to 14 inches for the higher terrain.",Observer reported 14 inches of snow for the entire event. Other reports in the area ranged from 7 to 9.5 inches.,CSV
202603,11,2113,202603,13,1737,211933,1328470,WASHINGTON,53,2026,March,Heavy Snow,Z,49,WESTERN OKANOGAN COUNTY,OTX,11-MAR-26 21:13:00,PST-8,13-MAR-26 17:37:00,0,0,0,0,0.00K,0.00K,CoCoRaHS,,,,,,,,,,,,,,,,,,,,,,"A strong upper level jet was positioned over the Pacific Northwest from March 8 through 13. As it mixed down to the lower levels, it brought periods of high winds sustained in the 30 to 40 mph range and gusts up to 70 mph for portions of the region. It was followed by a cold front that brought snow amounts ranging from 2 to 8 inches for the lowlands and 8 to 14 inches for the higher terrain.","Observer reported 8.2 inches of snow 9 miles west of Twisp. Other reports ranged from 6 inches near Winthrop, 4 inches near Mazama, and 6 to 7 inches southeast of Twisp.",CSV
202603,11,2100,202603,13,900,211933,1328471,WASHINGTON,53,2026,March,Blizzard,Z,48,WESTERN CHELAN COUNTY,OTX,11-MAR-26 21:00:00,PST-8,13-MAR-26 09:00:00,0,0,0,0,5.00K,0.00K,Trained Spotter,,,,,,,,,,,,,,,,,,,,,,"A strong upper level jet was positioned over the Pacific Northwest from March 8 through 13. As it mixed down to the lower levels, it brought periods of high winds sustained in the 30 to 40 mph range and gusts up to 70 mph for portions of the region. It was followed by a cold front that brought snow amounts ranging from 2 to 8 inches for the lowlands and 8 to 14 inches for the higher terrain.",Blizzard conditions were experienced at Stevens Pass. The area saw wind gusts up to 81 mph causing downed trees. Heavy snow reduced visibility to near zero miles.,CSV
202603,11,900,202603,13,1800,211933,1328472,WASHINGTON,53,2026,March,Heavy Snow,Z,48,WESTERN CHELAN COUNTY,OTX,11-MAR-26 09:00:00,PST-8,13-MAR-26 18:00:00,0,0,0,0,0.00K,0.00K,COOP Observer,,,,,,,,,,,,,,,,,,,,,,"A strong upper level jet was positioned over the Pacific Northwest from March 8 through 13. As it mixed down to the lower levels, it brought periods of high winds sustained in the 30 to 40 mph range and gusts up to 70 mph for portions of the region. It was followed by a cold front that brought snow amounts ranging from 2 to 8 inches for the lowlands and 8 to 14 inches for the higher terrain.",Observer reported 14.5 inches of snow 9 miles west of Lucerne.,CSV
202603,7,1035,202603,9,635,211933,1326840,WASHINGTON,53,2026,March,High Wind,Z,41,WENATCHEE AREA,OTX,07-MAR-26 10:35:00,PST-8,09-MAR-26 06:35:00,0,0,0,0,0.00K,0.00K,Mesonet,50.00,MG,,,,,,,,,,,,,,,,,,,,"A strong upper level jet was positioned over the Pacific Northwest from March 8 through 13. As it mixed down to the lower levels, it brought periods of high winds sustained in the 30 to 40 mph range and gusts up to 70 mph for portions of the region. It was followed by a cold front that brought snow amounts ranging from 2 to 8 inches for the lowlands and 8 to 14 inches for the higher terrain.",Winds gusted to 50 kts (58 mph) at 2135 PST. It is located 4 miles northwest of Entiat.,CSV
202603,7,2300,202603,8,2200,211933,1327983,WASHINGTON,53,2026,March,High Wind,Z,47,CENTRAL CHELAN COUNTY,OTX,07-MAR-26 23:00:00,PST-8,08-MAR-26 22:00:00,0,0,0,0,0.00K,0.00K,Mesonet,38.00,MS,,,,,,,,,,,,,,,,,,,,"A strong upper level jet was positioned over the Pacific Northwest from March 8 through 13. As it mixed down to the lower levels, it brought periods of high winds sustained in the 30 to 40 mph range and gusts up to 70 mph for portions of the region. It was followed by a cold front that brought snow amounts ranging from 2 to 8 inches for the lowlands and 8 to 14 inches for the higher terrain.",Sustained winds reached 38 kts (44 mph) and gusts near 43 kts (50 mph) 3 miles Northwest of Leavenworth. Other gusts across the Chelan county ranged from 40 to 50 mph.,CSV
202603,8,306,202603,8,2221,211933,1327993,WASHINGTON,53,2026,March,High Wind,Z,32,LOWER GARFIELD & ASOTIN,OTX,08-MAR-26 03:06:00,PST-8,08-MAR-26 22:21:00,0,0,0,0,0.00K,0.00K,Mesonet,35.00,MS,,,,,,,,,,,,,,,,,,,,"A strong upper level jet was positioned over the Pacific Northwest from March 8 through 13. As it mixed down to the lower levels, it brought periods of high winds sustained in the 30 to 40 mph range and gusts up to 70 mph for portions of the region. It was followed by a cold front that brought snow amounts ranging from 2 to 8 inches for the lowlands and 8 to 14 inches for the higher terrain.",Gusts reached 49 kts (56 mph) at 1651 PST 11 miles northeast of Peola. Other reports from Lower Garfield and Asotin county areas had gusts reaching into the 40 mph range.,CSV
202603,8,1145,202603,8,1630,211933,1328005,WASHINGTON,53,2026,March,High Wind,Z,47,CENTRAL CHELAN COUNTY,OTX,08-MAR-26 11:45:00,PST-8,08-MAR-26 16:30:00,0,0,0,0,0.00K,0.00K,Mesonet,50.00,MG,,,,,,,,,,,,,,,,,,,,"A strong upper level jet was positioned over the Pacific Northwest from March 8 through 13. As it mixed down to the lower levels, it brought periods of high winds sustained in the 30 to 40 mph range and gusts up to 70 mph for portions of the region. It was followed by a cold front that brought snow amounts ranging from 2 to 8 inches for the lowlands and 8 to 14 inches for the higher terrain.",Station recorded a gust of 50 kts (57 mph) 10 miles north of Royal City. Other gusts in the area ranged from 43 to 54 mph.,CSV
202603,7,810,202603,9,10,211933,1328016,WASHINGTON,53,2026,March,High Wind,Z,31,NORTHEAST BLUE MOUNTAINS,OTX,07-MAR-26 08:10:00,PST-8,09-MAR-26 00:10:00,0,0,0,0,0.00K,0.00K,Mesonet,50.00,MG,,,,,,,,,,,,,,,,,,,,"A strong upper level jet was positioned over the Pacific Northwest from March 8 through 13. As it mixed down to the lower levels, it brought periods of high winds sustained in the 30 to 40 mph range and gusts up to 70 mph for portions of the region. It was followed by a cold front that brought snow amounts ranging from 2 to 8 inches for the lowlands and 8 to 14 inches for the higher terrain.",Winds gusted to 50 kts (57 mph) 3 miles southwest of Peola. Other gusts recorded in the area were in the 40s mph range.,CSV
202603,8,920,202603,8,1630,211933,1328023,WASHINGTON,53,2026,March,High Wind,Z,36,SPOKANE AREA,OTX,08-MAR-26 09:20:00,PST-8,08-MAR-26 16:30:00,0,0,0,0,0.00K,0.00K,ASOS,37.00,MS,,,,,,,,,,,,,,,,,,,,"A strong upper level jet was positioned over the Pacific Northwest from March 8 through 13. As it mixed down to the lower levels, it brought periods of high winds sustained in the 30 to 40 mph range and gusts up to 70 mph for portions of the region. It was followed by a cold front that brought snow amounts ranging from 2 to 8 inches for the lowlands and 8 to 14 inches for the higher terrain.",Spokane Airport recorded a gust of 51 mph at 1550 PST. Sustained winds were 43 mph. Other reports across the Spokane area had gusts 40 to 55 mph.,CSV
202603,8,1315,202603,8,1700,211933,1328459,WASHINGTON,53,2026,March,Strong Wind,Z,37,NORTHEAST MOUNTAINS,OTX,08-MAR-26 13:15:00,PST-8,08-MAR-26 17:00:00,0,0,0,0,1.00K,0.00K,Trained Spotter,38.00,EG,,,,,,,,,,,,,,,,,,,,"A strong upper level jet was positioned over the Pacific Northwest from March 8 through 13. As it mixed down to the lower levels, it brought periods of high winds sustained in the 30 to 40 mph range and gusts up to 70 mph for portions of the region. It was followed by a cold front that brought snow amounts ranging from 2 to 8 inches for the lowlands and 8 to 14 inches for the higher terrain.","Strong winds knocked downed two trees, and led to roof damage of a shed around the Pierre Lake Road and House Road area 4 miles southeast of Orient. Wind gusts of 46 mph were measured in the area.",CSV
202603,18,1845,202603,18,2045,212212,1328707,WASHINGTON,53,2026,March,Flood,C,7,CHELAN,OTX,18-MAR-26 18:45:00,PST-8,18-MAR-26 20:45:00,0,0,0,0,10.00K,0.00K,Emergency Manager,,,Heavy Rain / Snow Melt,,,,,,,,,.68,SSW,CASHMERE,.69,S,CASHMERE,47.5105,-120.4739,47.5102,-120.4725,"With 2 to 4 inches of precip and snow melt, minor flooding issues were reported along the some of the Cascade creeks and streams.","Mission Creek flooded a residence due to debris from 2025 Labor Mountain fire burn scar causing a backup on the river. Other than this spot, creek was within its banks. Time estimated from river crest.",CSV
202603,20,900,202603,20,1200,212212,1328708,WASHINGTON,53,2026,March,Flood,C,7,CHELAN,OTX,20-MAR-26 09:00:00,PST-8,20-MAR-26 12:00:00,0,0,0,0,1.00K,0.00K,Public,,,Heavy Rain / Snow Melt,,,,,,,,,4.97,NW,STEHEKIN,4.99,NW,STEHEKIN,48.36,-120.74,48.3602,-120.7402,"With 2 to 4 inches of precip and snow melt, minor flooding issues were reported along the some of the Cascade creeks and streams.",Social media shared a video showing water Company Creek Road. Exact location and time estimated.,CSV
202603,8,1400,202603,8,1600,211933,1328000,WASHINGTON,53,2026,March,Dust Storm,Z,34,MOSES LAKE AREA,OTX,08-MAR-26 14:00:00,PST-8,08-MAR-26 16:00:00,0,0,0,0,0.00K,0.00K,Department of Highways,,,,,,,,,,,,,,,,,,,,,,"A strong upper level jet was positioned over the Pacific Northwest from March 8 through 13. As it mixed down to the lower levels, it brought periods of high winds sustained in the 30 to 40 mph range and gusts up to 70 mph for portions of the region. It was followed by a cold front that brought snow amounts ranging from 2 to 8 inches for the lowlands and 8 to 14 inches for the higher terrain.",Washington DOT reported visibility down to between 200 and 300 ft along I-90 between Adams Rd and the Winchester Eastbound Rest Area. Winds in the area were sustained in the 30s with gusts into the 45 to 55 mph range.,CSV
202603,14,400,202603,15,1030,212345,1327916,WASHINGTON,53,2026,March,Flood,C,13,COLUMBIA,PDT,14-MAR-26 04:00:00,PST-8,15-MAR-26 10:30:00,0,0,0,0,0.00K,0.00K,Emergency Manager,,,Heavy Rain / Snow Melt,,,,,,,,,.44,NNE,DAYTON,.59,W,DAYTON,46.3259,-117.9763,46.3202,-117.9923,"Heavy snow in the northern Blue mountains transitioned to rain the night of the 13th through the 14th, leading to rises in area rivers and streams. Portions of the Touchet river and Mill Creek eventually exceeded their banks, leading to flooding of residential areas and roadways across Columbia and Walla Walla Counties.","The Columbia County Emergency Managers office reported flooding of residences and water over roadways in the town of Dayton the morning of the 14th. Drone footage over Dayton taken on the 14th showed the Touchet river overflowing it's banks into numerous properties adjacent to the river, with flooding also along the Patit Creek that runs through the northern portion of Dayton.",CSV
202603,14,400,202603,15,2136,212345,1327917,WASHINGTON,53,2026,March,Flood,C,71,WALLA WALLA,PDT,14-MAR-26 04:00:00,PST-8,15-MAR-26 21:36:00,0,0,0,0,0.00K,0.00K,Emergency Manager,,,Heavy Rain / Snow Melt,,,,,,,,,.77,WNW,WAITSBURG,.61,W,WAITSBURG,46.2744,-118.1649,46.2715,-118.1625,"Heavy snow in the northern Blue mountains transitioned to rain the night of the 13th through the 14th, leading to rises in area rivers and streams. Portions of the Touchet river and Mill Creek eventually exceeded their banks, leading to flooding of residential areas and roadways across Columbia and Walla Walla Counties.","The Walla Walla County dispatch reported flooding along the Touchet River in the town of Waitsburg the morning of the 14th. The dispatch center relayed that a levee near the Preston Ave bridge had been breached, leading to flooding of properties along the Touchet River. Several roads in the Waitsburg area were also closed, including US Highway 12, due to water over the roadway.",CSV
202603,20,1300,202603,20,1600,212212,1328709,WASHINGTON,53,2026,March,Flood,C,7,CHELAN,OTX,20-MAR-26 13:00:00,PST-8,20-MAR-26 16:00:00,0,0,0,0,2.00K,0.00K,Emergency Manager,,,Heavy Rain / Snow Melt,,,,,,,,,1.78,E,MONITOR,1.7,E,MONITOR,47.4782,-120.3819,47.4786,-120.3836,"With 2 to 4 inches of precip and snow melt, minor flooding issues were reported along the some of the Cascade creeks and streams.",EM reported Wenatchee River rerouted in a spot following December 2025 flood. Current river levels are resulting in flooding near Sleepy Hollow Road. Time and exact location estimated.,CSV
202603,11,2111,202603,12,711,212421,1328685,WASHINGTON,53,2026,March,High Wind,Z,38,OKANOGAN HIGHLANDS,OTX,11-MAR-26 21:11:00,PST-8,12-MAR-26 07:11:00,0,0,0,0,20.00K,0.00K,RAWS,63.00,MG,,,,,,,,,,,,,,,,,,,,A high wind event occured over Eastern Washington overnight on March 11 to 12. A strong low level jet mixed down to the lower levels. It brought periods of high winds sustained in the 30 to 40 mph range and gusts up to 70 mph for portions of the region. It was followed by a cold front that brought snow amounts ranging from 2 to 8 inches.,High winds sustained in the 40 to 50 mph range with gusts up to 73 mph caused power outages for 2096 customers.,CSV
202603,11,1820,202603,12,530,212421,1328705,WASHINGTON,53,2026,March,High Wind,Z,37,NORTHEAST MOUNTAINS,OTX,11-MAR-26 18:20:00,PST-8,12-MAR-26 05:30:00,0,0,0,0,1.00K,0.00K,ASOS,50.00,MG,,,,,,,,,,,,,,,,,,,,A high wind event occured over Eastern Washington overnight on March 11 to 12. A strong low level jet mixed down to the lower levels. It brought periods of high winds sustained in the 30 to 40 mph range and gusts up to 70 mph for portions of the region. It was followed by a cold front that brought snow amounts ranging from 2 to 8 inches.,High winds with sustained in the upper 30 to 45 mph and gusts up to 58 mph. It downed a few trees and branches around the Milan area.,CSV
202603,11,1753,202603,12,753,212421,1328706,WASHINGTON,53,2026,March,High Wind,Z,36,SPOKANE AREA,OTX,11-MAR-26 17:53:00,PST-8,12-MAR-26 07:53:00,0,0,0,0,100.00K,0.00K,ASOS,59.00,MG,,,,,,,,,,,,,,,,,,,,A high wind event occured over Eastern Washington overnight on March 11 to 12. A strong low level jet mixed down to the lower levels. It brought periods of high winds sustained in the 30 to 40 mph range and gusts up to 70 mph for portions of the region. It was followed by a cold front that brought snow amounts ranging from 2 to 8 inches.,"High winds of sustained 35 to 45 mph and gusts up to 68 mph impacted the Spokane area. Damage included numerous trees and power lines down through the Spokane, South Hill, and Dishman areas. One tree fell on an unoccupied vehicle. Another fell on a mobile home. No injuries reported. Cost is estimated.",CSV
202606,16,1124,202606,24,1628,215507,1353405,WASHINGTON,53,2026,June,Wildfire,Z,36,SPOKANE AREA,OTX,16-JUN-26 11:24:00,PST-8,24-JUN-26 16:28:00,0,0,1,0,3.50M,0.00K,Fire Department/Rescue,,,,,,,,,,,,,,,,,,,,,,Wildfire was started on June 16 by human cause. It was contained on June 24. One fatality was reported.,"Wildfire started on June 16 by human cause near the Camp Senaki area. It burned 213 acres of timber, 14 homes, and 4 outbuildings. Around 12000 people were under evacuation. One fatality was reported. Winds were sustained in the teens with gusts into the 35 to 45 mph range. Relative humidity was in the upper 20 percent. Felt field ASOS recorded a max gust of 43 mph. Damage cost is estimated.",CSV
202606,26,1835,202606,26,1850,215503,1353418,WASHINGTON,53,2026,June,Funnel Cloud,C,43,LINCOLN,OTX,26-JUN-26 18:35:00,PST-8,26-JUN-26 18:50:00,0,0,0,0,0.00K,0.00K,Public,,,,,,,,,,,,5,WNW,DAVENPORT,5,WNW,DAVENPORT,47.6777,-118.2493,47.6777,-118.2493,A strong thunderstorm generated a brief funnel cloud on June 26. It was reported by public with no damage.,Social media reported a funnel cloud 5 miles northwest of Davenport.Time is estimated from radar. No damage was reported.,CSV
202606,16,1803,202606,30,2359,215534,1353427,WASHINGTON,53,2026,June,Wildfire,Z,43,OKANOGAN VALLEY,OTX,16-JUN-26 18:03:00,PST-8,30-JUN-26 23:59:00,0,0,0,0,5.00M,0.00K,Fire Department/Rescue,,,,,,,,,,,,,,,,,,,,,,The fire started on June 16 by human causes. It was located 12 miles southeast of Omak. It was contained on July 1.,"The fire started on JUne 16 by human causes. It burned 11605 acres of dry grass, sagebrush, and timber along the shores of Omak Lake on the Colville Indian Reservation 12 miles southeast of Omak. Damage is estimated.",CSV
202604,1,1710,202604,1,1745,213233,1335088,WASHINGTON,53,2026,April,Thunderstorm Wind,C,71,WALLA WALLA,PDT,01-APR-26 17:10:00,PST-8,01-APR-26 17:45:00,0,0,0,0,0.00K,0.00K,Emergency Manager,50.00,EG,,,,,,,,,,5.23,WNW,MINNICK,8.31,N,WAITSBURG JCT,46.202,-118.229,46.4,-118.132,"A mesoscale low with embedded thunderstorms tracked northeast across the Blue Mountain foothills, producing strong wind gusts across portions of Umatilla, OR and Walla Walla, WA counties the afternoon of the 1st.",The Walla Walla county emergency manager reported a healthy tree had blown down from strong winds that moved through the area around 1820 PDT on the 1st.,CSV
202606,21,2011,202606,26,700,215533,1353426,WASHINGTON,53,2026,June,Wildfire,Z,35,UPPER COLUMBIA BASIN,OTX,21-JUN-26 20:11:00,PST-8,26-JUN-26 07:00:00,0,0,0,0,4.90M,0.00K,Fire Department/Rescue,,,,,,,,,,,,,,,,,,,,,,The wildfire started on June 21 by an unknown human cause. It was contained on June 26.,The fire started on the June 21 by an unknown human cause. It burned 3366 acres of shrub and grass including wheat fields. Evacuations impacted around 200 families. An unknown number of outbuildings were destroyed. It was contained on June 26. Damage is estimated.,CSV
202604,12,1500,202604,12,1900,213091,1333637,WASHINGTON,53,2026,April,Flash Flood,C,75,WHITMAN,OTX,12-APR-26 15:00:00,PST-8,12-APR-26 19:00:00,0,0,0,0,10.00K,0.00K,Law Enforcement,,,Heavy Rain,,,,,,,,,1.67,NW,MANNING,1.64,NW,MANNING,46.95,-117.4,46.9493,-117.4004,Area had slow moving thunderstorms producing a radar estimated one to two inches of rain. Soil was already saturated from melting snow. Rain gauges in the area recorded 0.3 to 0.7 inches of rain. The gauges were not in the area impacted.,"Large road washout on Green Hollow Road at MP5, with large boulders in road and mud flowing across road.",CSV
202604,12,1500,202604,12,1900,213091,1333638,WASHINGTON,53,2026,April,Heavy Rain,C,75,WHITMAN,OTX,12-APR-26 15:00:00,PST-8,12-APR-26 19:00:00,0,0,0,0,1.00K,0.00K,County Official,,,,,,,,,,,,2.13,NNW,KITSMILLER,3.25,N,KITSMILLER,46.8,-117.18,46.8165,-117.1797,Area had slow moving thunderstorms producing a radar estimated one to two inches of rain. Soil was already saturated from melting snow. Rain gauges in the area recorded 0.3 to 0.7 inches of rain. The gauges were not in the area impacted.,Heavy rain led to mud and water over Banner Road and Palouse Albion Road.,CSV
202604,12,1500,202604,12,1900,213091,1333639,WASHINGTON,53,2026,April,Heavy Rain,C,75,WHITMAN,OTX,12-APR-26 15:00:00,PST-8,12-APR-26 19:00:00,0,0,0,0,1.00K,0.00K,Law Enforcement,,,,,,,,,,,,4.17,S,WHITMAN CO MEML ARPT,4.17,S,WHITMAN CO MEML ARPT,46.79,-117.39,46.79,-117.39,Area had slow moving thunderstorms producing a radar estimated one to two inches of rain. Soil was already saturated from melting snow. Rain gauges in the area recorded 0.3 to 0.7 inches of rain. The gauges were not in the area impacted.,"Heavy rain led to road washout, mud and rocks on Upper Union Flat Road.",CSV
202604,14,1600,202604,15,2117,213235,1335090,WASHINGTON,53,2026,April,Heavy Snow,Z,30,NORTHWEST BLUE MOUNTAINS,PDT,14-APR-26 16:00:00,PST-8,15-APR-26 21:17:00,0,0,0,0,0.00K,0.00K,SNOTEL,,,,,,,,,,,,,,,,,,,,,,A cold front and upper level low passage over the region resulted in heavy snow accumulations across portions of the Cascades and Northern Blue Mountains between the 14th and 16th of April.,The Touchet SNOTEL recorded 12 inches of new snow in a 16 hour period ending at 1500 PDT on April 15th.,CSV
202604,14,1000,202604,15,2117,213235,1335091,WASHINGTON,53,2026,April,Heavy Snow,Z,522,UPPER SLOPES OF THE EST WASHINGTON CASCADE CREST,PDT,14-APR-26 10:00:00,PST-8,15-APR-26 21:17:00,0,0,0,0,0.00K,0.00K,SNOTEL,,,,,,,,,,,,,,,,,,,,,,A cold front and upper level low passage over the region resulted in heavy snow accumulations across portions of the Cascades and Northern Blue Mountains between the 14th and 16th of April.,The Bumping Ridge SNOTEL measured 13 inches of new snow in a 16 hour period ending at 0700 on April 15th. A Northwest Avalanche Center station in Snoqualmie Pass measured 16 inches of storm total snow by 2200 PDT on April 15th.,CSV
202606,6,820,202606,6,825,216446,1360824,WASHINGTON,53,2026,June,Funnel Cloud,C,49,PACIFIC,PQR,06-JUN-26 08:20:00,PST-8,06-JUN-26 08:25:00,0,0,0,0,0.00K,0.00K,Public,,,,,,,,,,,,1.1,NNW,KLIPSAN BEACH,1.08,SSW,OCEAN PARK,46.4844,-124.0598,46.4858,-124.0592,An upper-level trough moving through the region combined with cooling temperatures aloft and daytime heating to facilitate shower and thunderstorm activity. A shower was strong enough to produce a cold-air funnel along the coast in addition to a short lived thunderstorm producing strong outflow winds in southwest Washington.,Public reported a picture of a funnel cloud along the Long Beach Peninsula approximately a mile or two southwest of Ocean Park. This funnel cloud was associated with a rain shower.,CSV
